Name,Institute,Stream,City of Residence,Monthly Average Family Income,Most Preferred Sector to Work In,Most Preferred Job Roles,Internship / Job Experience,Areas of Internship,Most Important Criteria for First Job,High Job Satisfaction Sector in next 5 Years,"If Currently Employed, Are you satisfied with your job",Factor which dissatisfies in a Job,Factor which Satisfies at a job,Expected Salary,Short term courses for Enriching Skills,Relevant Trainings for increasing Employability,Perks,Relocation Status,Preferred City of Job,Internet Availability,Source for Job Search,Online Job Search Portals Preferred,Scale of 0-5 Response after CV Submission ,Satisfied with online portals,Work interest in different field,Startup interest,Areas of Startup interest,Career Websites being more resourceful
Akanksha Singh,Symbiosis School of Economics,Science,Pune,50k-100k,Manufacturing,Sales Associate,(Y),Marketing,Company Culture,Manufacturing,(N),Preference of a different field,Recognition,250000,(Y),Data Science and Artificial Intelligence,NA,(Y),Pune,1-3 hrs,Online Web Search,"Glassdoor, Internshala etc.",3,4,(Y),(Y),Manufacturing,By providing more relevant skill based courses
Agnisha Bose,Symbiosis School of Economics,Commerce,Pune,50k-100k,Marketing,Marketing Coordinator,(Y),Marketing,Job Role,Management,(Y),Lack of opportunity to grow,Growth Opportunities,300000,(Y),MS Office,NA,(N),Mumbai,3-6 hrs,Online Web Search,"Linkdin, internshaala, letsintern ",2,4,(Y),(Y),E-Commerce,NA
Kunal Apastamb,Symbiosis School of Economics,Commerce,Pune,100k-150k,Research & Development,Research Associate,(Y),Research & Analysis,Opportunity to work on new projects,Administration,(Y),Lack of opportunity to grow,Growth Opportunities,150000,(Y),Data Science and Artificial Intelligence,NA,(N),Pune,<1 hr,Online Web Search,NA,4,4,(N),(N),NA,NA
Mahima Sethi,Symbiosis college of arts and commerce,Arts,Pune,50k-100k,Media,Social Media Manager,(Y),Sales,Salary,Marketing and Advertising,(Y),Preference of a different field,Growth Opportunities,400000,(Y),Digital Marketing,Incentive,(Y),Mumbai,3-6 hrs,Online Web Search,Social media,3,3,(Y),(Y),Media,NA
Anwesha Das,National Institute of Design,Science,Delhi,100k-150k,Design,Research Associate,(Y),Designing,Salary,Designing,(Y),Lack of recognition,Growth Opportunities,1000000,(Y),NA,"Foreign business trips, food, transport",(N),Delhi,3-6 hrs,online Web Search,LinkedIn,3,3,(Y),(Y),Design,I'm offered jobs of fields other than design. There is no specificity of jobs for designers
Ashish Suchak,Modern College of arts science and commerce,Commerce,Pune,100k-150k,Information Technology,Data Analyst,(Y),Technology,Job Role,Accountancy and Financial Management,(Y),Lack of opportunity to grow,Working Conditions (Management & Infrastructure),450000,(Y),Data Science and Artificial Intelligence,"Good statutory bonus ; Meal. Allowance; Travel allowance, etc.",(N),Pune,3-6 hrs,Online Web Search,Linkedin,3,2,(Y),(Y),E-Commerce,NA
Mrunal Dupte,Symbiosis School of Economics,Science,Pune,>200k,Finance,Financial Analyst,(Y),Finance,Salary,Finance,(Y),Overwork,Growth Opportunities,700000,(Y),Market Research and Analysis,NA,(Y),Pune,6-9 hrs,Online Web Search,NA,3,2,(Y),(Y),E-Commerce,NA
Mukul Chimote,Sinhagad Institute,Technology,Pune,>200k,Marketing,Administrative Associate,(Y),Sales,Company Culture,Management,(Y),Overwork,Recognition,1200000,(Y),Vocational Training,NA,(N),Pune,1-3 hrs,Offline Modes,NA,NA,NA,(Y),(Y),NA,NA
Yogen Parekh,Sinhagad Institute,Technology,Nagpur,10k-50k,Information Technology,Research Associate,(Y),Data Science,Salary,Finance,(Y),Lack of opportunity to grow,Growth Opportunities,1200000,(Y),Data Science and Artificial Intelligence,"Traveling, Accomodation",(N),Delhi,3-6 hrs,Offline Modes,NA,NA,NA,(Y),(Y),NA,NA
Nidhi Menon,Symbiosis School of Economics,Science,Pune,150k-200k,Finance,Financial Analyst,(N),NA,Job Role,Agriculture,NA,Overwork,Overseas Placement,700000,(Y),Data Science and Artificial Intelligence,Flexible hours,(N),Mumbai,6-9 hrs,Online Web Search,NA,2,1,(N),(N),NA,NA
Samayita Das Bardhan,Asutosh College,Science,Kolkata,150k-200k,Architecture,Specialised Engineer,(Y),NA,Job Role,Accountancy and Financial Management,(N),Lack of opportunity to grow,Recognition,1000000,(M),MS Office,NA,(Y),Kolkata,1-3 hrs,Offline Modes,NA,NA,NA,(N),(Y),Hospitality,NA
Shefali Mehta,IISER,Science,Bhopal,10k-50k,Government Services,Others,(Y),Research & Analysis,Job Role,Management,(Y),Low Pay,Working Conditions (Management & Infrastructure),500000,(N),Vocational Training,NA,(N),Bhopal,3-6 hrs,Online Web Search,NA,3,3,(N),(N),NA,NA
Suhashini Basu,Symbiosis School of Economics,Arts,Pune,>200k,Marketing,Administrative Associate,(Y),Sales,Working Conditions (Manangement & Infrastructure),Finance,(N),Lack of recognition,Growth Opportunities,360000,(Y),Vocational Training,NA,(N),Mumbai,3-6 hrs,Online Web Search,NA,3,3,(Y),(Y),Educational Technology,NA
Rajeshwari Basu,Flame University,Arts,Pune,>200k,Media,Social Media Manager,(Y),Web and Android Application Development,Working Conditions (Manangement & Infrastructure),Government Services,(Y),Lack of opportunity to grow,High Pay,300000,(Y),Digital Marketing,NA,(N),Mumbai,1-3 hrs,Online Web Search,NA,4,3,(N),(N),NA,NA
Nupur Roy,Siliguri College,Commerce,Siliguri,100k-150k,Education,Tutor,(Y),Education,Salary,Administration,(Y),Low Pay,Growth Opportunities,600000,(Y),MS Office,NA,(N),Siliguri,<1 hr,Online Web Search,NA,3,3,(Y),(Y),Health Care,Keep me informed about job openings as per my profile
Arijit Dutta Roy,Siliguri College of Commerce,Commerce,Siliguri,100k-150k,Marketing,Operations Manager,(N),NA,Salary,Management,(N),Low Pay,Growth Opportunities,240000,(Y),Market Research and Analysis,NA,(Y),Kolkata,1-3 hrs,Offline Modes,NA,3,2,(N),(Y),Educational Technology,Make finding jobs an easier task
Mayukh Bardhan,NSEC,Science,Bangalore,100k-150k,Marketing,Sales Associate,(Y),Marketing,Job Role,Administration,(Y),Lack of opportunity to grow,Recognition,2000000,(Y),Market Research and Analysis,NA,(N),Bangalore,6-9 hrs,Online Web Search,"LinkedIn, Indeed",3,4,(N),(Y),Artificial Intelligence,NA
Sanju Prasad,Siliguri College of Commerce,Commerce,Siliguri,50k-100k,Marketing,Sales Associate,(N),NA,Opportunity to work on new projects,Administration,(N),Lack of opportunity to grow,Growth Opportunities,240000,(N),Data Science and Artificial Intelligence,NA,(N),Delhi,1-3 hrs,Offline Modes,NA,0,NA,(N),(Y),Educational Technology,It helps to find new types of opportunity for the job search
Ayitik Shome,Siliguri Institute of Technology,Technology,Siliguri,>200k,Information Technology,Wed Developer,(N),NA,Opportunity to work on new projects,Finance,NA,Lack of opportunity to grow,Overseas Placement,600000,(M),Data Science and Artificial Intelligence,NA,(N),Bangalore,3-6 hrs,Online Web Search,NA,2,2,(Y),(Y),Artificial Intelligence,NA
Amreta Saha,Symbiosis School of Economics,Science,Pune,>200k,Information Technology,Software Engineer,(Y),Data Science,Job Role,Management,NA,Lack of recognition,Overseas Placement,1500000,(Y),Stock Market trading skills,Flexible timings,(N),Pune,3-6 hrs,Online Web Search,LinkedIn,4,5,(N),(Y),Financial Technology,NA
Sangeeta Saha,Loreto College Darjeeling,Arts,Siliguri,50k-100k,Government Services,Others,(Y),Education,Working Conditions (Manangement & Infrastructure),Government Services,(Y),Overwork,Satisfactory Workload,200000,(Y),Vocational Training,High pay,(N),Siliguri,1-3 hrs,Online Web Search,NA,3,3,(N),(N),NA,NA
Solanki Guha,Ananda Chandra College of Commerce,Commerce,Kolkata,50k-100k,Information Technology,Software Engineer,(N),NA,Opportunity to work on new projects,Government Services,NA,Lack of opportunity to grow,Growth Opportunities,600000,(M),"Python, Java or other Programming Skills",NA,(N),Kolkata,1-3 hrs,Online Web Search,NA,3,4,(N),(Y),E-Commerce,NA
Bidisha Das,Symbiosis Law College,Arts,Siliguri,150k-200k,Marketing,Sales Associate,(Y),NGO/Social Work,Opportunity to work on new projects,Government Services,(Y),Low Pay,High Pay,1200000,(Y),Digital Marketing,NA,(N),Mumbai,3-6 hrs,Online Web Search,NA,5,5,(N),(Y),NA,NA
Avishek Santra,Techno India Banipur,Commerce,Kolkata,50k-100k,Information Technology,Data Analyst,(Y),Technology,Opportunity to work on new projects,Accountancy and Financial Management,(Y),Lack of opportunity to grow,High Pay,900000,(Y),Data Science and Artificial Intelligence,NA,(N),Kolkata,1-3 hrs,Online Web Search,NA,5,4,(N),(N),NA,NA
Sagnik Majumder,International Institute of Hotel Management,Commerce,Kolkata,50k-100k,Hospitality,Operations Manager,(Y),Hospitality,Company Culture,Management,(Y),Low Pay,High Pay,2400000,(M),Vocational Training,NA,(Y),Siliguri,1-3 hrs,Offline Modes,LinkedIn,0,1,(Y),(Y),Hospitality,NA
Prasanta Dey Sarkar,Siliguri College of Commerce,Commerce,Siliguri,50k-100k,Health Care,Operations Manager,(N),NA,Opportunity to work on new projects,Finance,(N),Overwork,Satisfactory Workload,220000,(Y),Data Science and Artificial Intelligence,NA,(Y),Siliguri,3-6 hrs,Offline Modes,NA,3,5,(N),(N),NA,NA
Aditha Ghosh,Siliguri Institute of Technology,Technology,Siliguri,100k-150k,Hospitality,Operations Manager,(N),NA,Opportunity to work on new projects,IT enabled services,(Y),Overwork,Recognition,250000,(Y),Vocational Training,NA,(N),Kolkata,3-6 hrs,Online Web Search,NA,3,5,(N),(Y),Media,NA
Raju Saha,Siliguri College,Arts,Siliguri,10k-50k,Marketing,Sales Associate,(N),NA,Salary,Administration,(N),Low Pay,High Pay,200000,(Y),Data Science and Artificial Intelligence,NA,(Y),Siliguri,6-9 hrs,Offline Modes,NA,0,1,(Y),(Y),E-Commerce,NA
Tanmay Kumar Sarkar,Sinhagad Institute,Technology,Pune,100k-150k,Information Technology,Data Analyst,(Y),Medical,Job Role,Government Services,NA,Lack of recognition,Recognition,2500000,(N),NA,NA,(N),Mumbai,1-3 hrs,Offline Modes,NA,1,3,(N),(N),NA,NA
Taniya Dey,Surya Sen Mahabiyala,Arts,Siliguri,50k-100k,Media,Operations Manager,(N),NA,Salary,Media and Mass Communication,NA,Lack of recognition,High Pay,300000,(Y),Vocational Training,NA,(Y),Siliguri,3-6 hrs,Offline Modes,NA,3,1,(Y),(N),NA,NA
Biki Das,Goenka College of Commerce,Commerce,Siliguri,150k-200k,Manufacturing,Administrative Associate,(N),NA,Salary,Manufacturing,NA,Low Pay,High Pay,370000,(Y),Data Science and Artificial Intelligence,NA,(N),Kolkata,1-3 hrs,Online Web Search,"LinkedIn, Indeed",5,5,(N),(N),NA,NA
Sameer Gupta,Inspiria College,Arts,Siliguri,100k-150k,Marketing,Administrative Associate,(Y),Marketing,Salary,Manufacturing,(Y),Low Pay,High Pay,300000,(Y),Digital Marketing,NA,(N),Kolkata,1-3 hrs,Online Web Search,"Indeed, Monster, LinkedIn",3,4,(Y),(Y),E-Commerce,NA
Raj Mandal,Inspiria College,Commerce,Siliguri,50k-100k,Media,Operations Manager,(N),NA,Salary,Media and Mass Communication,NA,Overwork,Working Conditions (Management & Infrastructure),1000000,(M),Vocational Training,NA,(N),Mumbai,3-6 hrs,Online Web Search,NA,1,2,(Y),(Y),Media,NA
Jayanta Sarkar,Surya Sen Mahabiyala,Commerce,Siliguri,50k-100k,Information Technology,Wed Developer,(Y),Artificial Intelligence,Company Culture,Market Research and Analysis,NA,Lack of opportunity to grow,Growth Opportunities,200000,(Y),Data Science and Artificial Intelligence,NA,(N),Kolkata,1-3 hrs,Offline Modes,NA,3,1,(Y),(N),NA,NA
Arup Banerjee,Surya Sen Mahabiyala,Commerce,Siliguri,50k-100k,Manufacturing,Research Associate,(Y),Human Resource,Job Role,Manufacturing,(Y),Lack of opportunity to grow,Growth Opportunities,150000,(M),Business Communication Skills,NA,(N),Kolkata,3-6 hrs,Offline Modes,NA,3,3,(Y),(N),NA,NA
Rahul Roy,Inspiria College,Commerce,Siliguri,100k-150k,Manufacturing,Administrative Associate,(Y),Artificial Intelligence,Opportunity to work on new projects,Marketing and Advertising,(N),Lack of opportunity to grow,Growth Opportunities,500000,(M),Market Research and Analysis,NA,(N),London,6-9 hrs,Online Web Search,"Indeed, LinkedIn",4,5,(N),(Y),E-Commerce,NA
Hriday Dey,Inspiria College,Commerce,Siliguri,50k-100k,Marketing,Administrative Associate,(N),NA,Job Role,Media and Mass Communication,NA,Low Pay,High Pay,700000,(N),NA,NA,(Y),Siliguri,1-3 hrs,Offline Modes,NA,0,1,(Y),(Y),E-Commerce,NA
Deep Goswami,Siliguri College of Commerce,Commerce,Siliguri,100k-150k,Architecture,Operations Manager,(Y),Artificial Intelligence,Company Culture,Marketing and Advertising,(N),Overwork,Satisfactory Workload,400000,(Y),"Python, Java or other Programming Skills",NA,(Y),Siliguri,3-6 hrs,Offline Modes,NA,2,3,(Y),(Y),Educational Technology,NA
Rajat Biswas,Surya Sen Mahabiyala,Arts,Siliguri,10k-50k,Health Care,Operations Manager,(N),NA,Job Role,Government Services,NA,Low Pay,High Pay,100000,(Y),AutoCAD/Angular/SAP,NA,(Y),Siliguri,1-3 hrs,Offline Modes,NA,3,3,(N),(N),NA,NA
Ajay Sarkar,Surya Sen Mahabiyala,Arts,Siliguri,50k-100k,Retail,Others,(N),NA,Salary,IT enabled services,NA,Lack of opportunity to grow,Growth Opportunities,140000,(Y),Digital Marketing,NA,(N),Kolkata,1-3 hrs,Online Web Search,NA,3,4,(Y),(Y),Design,NA
Akash Roy,Siliguri Institute of Technology,Technology,Siliguri,150k-200k,Marketing,Sales Associate,(Y),Sales,Opportunity to work on new projects,Market Research and Analysis,(N),Lack of opportunity to grow,Growth Opportunities,200000,(M),Digital Marketing,NA,(N),Kolkata,3-6 hrs,Online Web Search,LindedIn,4,4,(Y),(Y),E-Commerce,NA
Abir Guha Niyogi,Siliguri Institute of Technology,Technology,Siliguri,100k-150k,Manufacturing,Research Associate,(N),NA,Job Role,Manufacturing,NA,Lack of recognition,Recognition,1200000,(Y),"Python, Java or other Programming Skills",NA,(Y),Siliguri,3-6 hrs,Online Web Search,"Indeed, LinkedIn",3,3,(Y),(N),NA,NA
Ashok Sarkar,Siliguri College of Commerce,Commerce,Siliguri,100k-150k,Marketing,Financial Analyst,(Y),Sales,Salary,Marketing and Advertising,NA,Low Pay,High Pay,250000,(N),NA,NA,(Y),Siliguri,1-3 hrs,Offline Modes,NA,NA,NA,(N),(Y),E-Commerce,NA
Pradip Kumar Das,Siliguri College of Commerce,Commerce,Siliguri,50k-100k,Manufacturing,Administrative Associate,(N),NA,Job Role,Administration,(Y),Low Pay,High Pay,380000,(N),NA,NA,(N),Kolkata,3-6 hrs,Online Web Search,NA,2,4,(N),(N),NA,NA
Sumanta Chakraborty,Siliguri College of Commerce,Commerce,Siliguri,50k-100k,Health Care,Operations Manager,(Y),Marketing,Salary,Media and Mass Communication,(N),Lack of recognition,Growth Opportunities,250000,(M),Vocational Training,NA,(Y),Siliguri,3-6 hrs,Online Web Search,NA,2,4,(Y),(N),NA,NA
Vikash Gupta,Surya Sen Mahabiyala,Arts,Siliguri,50k-100k,Health Care,Operations Manager,(Y),Human Resource,Company Culture,Administration,(Y),Lack of opportunity to grow,Growth Opportunities,200000,(N),NA,NA,(Y),Siliguri,1-3 hrs,Offline Modes,NA,NA,NA,(N),(Y),Health Care,NA
Ananya Chatterjee,Siliguri College of Commerce,Commerce,Siliguri,50k-100k,Finance,Financial Analyst,(Y),Finance,Salary,Finance,(Y),Overwork,High Pay,350000,(M),Business Communication Skills,NA,(N),Kolkata,3-6 hrs,Online Web Search,"Glassdoor.com, LinkedIn.com",3,4,(Y),(N),NA,NA
Tapas Barman,Surya Sen Mahabiyala,Arts,Siliguri,50k-100k,Finance,Others,(Y),Research & Analysis,Salary,Finance,(Y),Low Pay,High Pay,600000,(M),Digital Marketing,NA,(Y),Siliguri,6-9 hrs,Offline Modes,NA,3,3,(Y),(Y),E-Commerce,NA
Abhishek Dey,Surya Sen Mahabiyala,Commerce,Siliguri,50k-100k,Manufacturing,Administrative Associate,(Y),Sales,Company Culture,Manufacturing,(Y),Low Pay,High Pay,300000,(Y),"Python, Java or other Programming Skills",NA,(N),Delhi,3-6 hrs,Offline Modes,NA,3,4,(Y),(Y),E-Commerce,NA
Bikalp Goswami,Surya Sen Mahabiyala,Technology,Siliguri,10k-50k,Information Technology,Wed Developer,(N),NA,Salary,IT enabled services,(Y),Low Pay,High Pay,600000,(N),NA,NA,(Y),Siliguri,1-3 hrs,Offline Modes,NA,4,4,(Y),(N),NA,NA
Ayan Dey,Surya Sen Mahabiyala,Arts,Siliguri,50k-100k,Manufacturing,Social Media Manager,(Y),Finance,Salary,Manufacturing,(Y),Low Pay,High Pay,150000,(Y),"Python, Java or other Programming Skills",NA,(N),Delhi,6-9 hrs,Online Web Search,NA,4,5,(Y),(Y),E-Commerce,NA
Akash Dey ,Surya Sen Mahabiyala,Arts,Siliguri,10k-50k,Marketing,Operations Manager,(Y),NGO/Social Work,Company Culture,Media and Mass Communication,(Y),Overwork,Satisfactory Workload,550000,(Y),Market Research and Analysis,NA,(N),Dubai,1-3 hrs,Online Web Search,NA,3,3,(Y),(N),NA,NA
Ankit Sarkar,Surya Sen Mahabiyala,Arts,Siliguri,100k-150k,Health Care,Operations Manager,(Y),NGO/Social Work,Job Role,Law,(Y),Overwork,Overseas Placement,200000,(Y),"Python, Java or other Programming Skills",NA,(Y),Siliguri,6-9 hrs,Online Web Search,Glassdoor,3,4,(Y),(Y),Health Care,NA
Alka Prasad ,Salesian College Siliguri,Arts,Siliguri,50k-100k,Manufacturing,Operations Manager,(Y),Research & Analysis,Job Role,Media and Mass Communication,(Y),Lack of opportunity to grow,Growth Opportunities,200000,(Y),Vocational Training,NA,(Y),Siliguri,3-6 hrs,Offline Modes,NA,3,3,(Y),(N),NA,NA
Shubhankar Dey,Inspiria College,Commerce,Siliguri,150k-200k,Retail,Others,(Y),NGO/Social Work,Job Role,Agriculture,NA,Lack of recognition,Recognition,800000,(Y),Data Science and Artificial Intelligence,NA,(N),Delhi,6-9 hrs,Online Web Search,"Indeed, Glassdoor, Monster.com",3,4,(Y),(N),NA,NA
Surojit Talukdar,Inspiria College,Commerce,Siliguri,100k-150k,Finance,Financial Analyst,(Y),NGO/Social Work,Salary,Finance,NA,Low Pay,High Pay,1500000,(N),NA,NA,(N),Delhi,1-3 hrs,Online Web Search,NA,3,5,NA,(Y),E-Commerce,NA
Suman Roy,Salesian College Siliguri,Arts,Siliguri,100k-150k,Manufacturing,Operations Manager,(N),NA,Company Culture,Manufacturing,(Y),Low Pay,High Pay,2000000,(N),NA,NA,(N),Bangalore,6-9 hrs,Online Web Search,"Indeed, Monster, LinkedIn",4,3,(N),(Y),E-Commerce,NA
Sanjay Barman,Salesian College Siliguri,Commerce,Siliguri,100k-150k,Information Technology,Software Engineer,(N),NA,Company Culture,Marketing and Advertising,(Y),Lack of opportunity to grow,Growth Opportunities,1800000,(Y),Data Science and Artificial Intelligence,NA,(Y),Siliguri,3-6 hrs,Offline Modes,NA,2,3,(N),(N),NA,NA
Bibek Roy,Salesian College Siliguri,Arts,Siliguri,50k-100k,Information Technology,Software Engineer,(Y),Artificial Intelligence,Job Role,Medical Science,(Y),Low Pay,High Pay,2200000,(Y),Data Science and Artificial Intelligence,NA,(N),Ahemdabad,3-6 hrs,Online Web Search,"LindedIn, Indeed, Internshala",3,5,(Y),(Y),Artificial Intelligence,NA
Shalu Agarwal ,Inspiria College,Commerce,Siliguri,50k-100k,Health Care,Lab Technician,(Y),Human Resource,Company Culture,Designing,(Y),Lack of opportunity to grow,Growth Opportunities,1500000,(Y),"Python, Java or other Programming Skills",NA,(N),Kolkata,3-6 hrs,Online Web Search,NA,4,4,(Y),(N),NA,NA
Shristi Kumar,Surya Sen Mahabiyala,Commerce,Siliguri,50k-100k,Finance,Financial Analyst,(Y),Sales,Salary,Finance,(Y),Lack of recognition,Recognition,200000,(Y),Digital Marketing,NA,(Y),Siliguri,6-9 hrs,Offline Modes,NA,4,2,(Y),(N),NA,NA
Kabita Chauhan,Siliguri College of Commerce,Commerce,Siliguri,50k-100k,Manufacturing,Administrative Associate,(N),NA,Job Role,Manufacturing,NA,Lack of recognition,Recognition,250000,(M),Business Communication Skills,NA,(N),Bangalore,6-9 hrs,Offline Modes,NA,3,2,(Y),(N),NA,NA
Barnali Roy,Siliguri College of Commerce,Commerce,Siliguri,50k-100k,Marketing,Financial Analyst,(N),NA,Salary,Marketing and Advertising,NA,Low Pay,High Pay,1500000,(N),NA,NA,(Y),Siliguri,1-3 hrs,Offline Modes,NA,2,3,(N),(N),NA,NA
Mohua Das,Siliguri College of Commerce,Arts,Siliguri,50k-100k,Marketing,Sales Associate,(N),NA,Salary,Marketing and Advertising,NA,Low Pay,High Pay,2400000,(Y),MS Office,NA,(Y),Siliguri,3-6 hrs,Offline Modes,NA,4,3,(N),(N),NA,NA
Suman Jha,Surya Sen Mahabiyala,Arts,Siliguri,50k-100k,Finance,Financial Analyst,(N),NA,Opportunity to work on new projects,Management,(Y),Lack of opportunity to grow,Growth Opportunities,1800000,(N),NA,NA,(N),Kolkata,3-6 hrs,Online Web Search,NA,3,4,(Y),(Y),E-Commerce,NA
Randeep Shah,Salesian College Siliguri,Arts,Siliguri,50k-100k,Marketing,Sales Associate,(N),NA,Job Role,Marketing and Advertising,(N),Overwork,Satisfactory Workload,2500000,(M),Market Research and Analysis,NA,(Y),Siliguri,3-6 hrs,Offline Modes,NA,3,1,(Y),(Y),Home Appliance Firm,NA
Jivan Kumar,Salesian College Siliguri,Commerce,Siliguri,150k-200k,Media,Social Media Manager,(N),NA,Job Role,Media and Mass Communication,(N),Lack of opportunity to grow,Recognition,1000000,(M),Vocational Training,NA,(N),Bangalore,6-9 hrs,Online Web Search,NA,3,5,(Y),(Y),Media,NA
Shubhadeep Mandal,Salesian College Siliguri,Arts,Siliguri,150k-200k,Marketing,Administrative Associate,(Y),Sales,Salary,Manufacturing,NA,Lack of recognition,Recognition,1500000,(Y),Data Science and Artificial Intelligence,NA,(N),Kolkata,3-6 hrs,Online Web Search,"Monster.com, Glassdoor, Internshala",4,3,(Y),(Y),Artificial Intelligence,NA
Rosaria Gupta,Siliguri Institute of Technology,Technology,Siliguri,50k-100k,Information Technology,Software Engineer,(N),Web and Android Application Development,Job Role,Market Research and Analysis,NA,Lack of recognition,Recognition,3200000,(Y),Data Science and Artificial Intelligence,NA,(Y),Siliguri,1-3 hrs,Offline Modes,NA,3,2,(N),(N),NA,NA
Nitin Mandal,Salesian College Siliguri,Arts,Siliguri,100k-150k,Marketing,Administrative Associate,(Y),Web and Android Application Development,Company Culture,Management,NA,Overwork,Satisfactory Workload,1000000,(Y),Vocational Training,NA,(N),Bangalore,3-6 hrs,Online Web Search,NA,2,4,(Y),(N),NA,NA
Chandana Das,Surya Sen Mahabiyala,Arts,Siliguri,50k-100k,Manufacturing,Administrative Associate,(Y),Sales,Salary,Media and Mass Communication,NA,Lack of recognition,Recognition,175000,(M),Vocational Training,NA,(Y),Siliguri,6-9 hrs,Online Web Search,NA,3,5,(Y),(N),NA,NA
Rubel Akhtar,Surya Sen Mahabiyala,Commerce,Siliguri,100k-150k,Marketing,Sales Associate,(Y),Sales,Salary,Manufacturing,(Y),Low Pay,High Pay,1500000,(M),Business Communication Skills,NA,(Y),Siliguri,6-9 hrs,Online Web Search,NA,3,4,(Y),(N),NA,NA
Priyanka Das,Surya Sen Mahabiyala,Arts,Siliguri,50k-100k,Design,Operations Manager,(N),NA,Working Conditions (Manangement & Infrastructure),Designing,NA,Low Pay,High Pay,1000000,(M),MS Office,NA,(Y),Siliguri,3-6 hrs,Online Web Search,NA,0,2,(N),(Y),Design,NA
Nirmoy Debnath,Surya Sen Mahabiyala,Commerce,Siliguri,100k-150k,Finance,Financial Analyst,(N),NA,Opportunity to work on new projects,Finance,(N),Low Pay,High Pay,1000000,(Y),Market Research and Analysis,NA,(Y),Siliguri,6-9 hrs,Online Web Search,NA,3,4,(Y),(N),NA,NA
Sukhmani Das,Surya Sen Mahabiyala,Commerce,Siliguri,50k-100k,Marketing,Data Analyst,(N),NA,Salary,Marketing and Advertising,NA,Low Pay,High Pay,1030000,(M),Digital Marketing,NA,(Y),Siliguri,3-6 hrs,Online Web Search,NA,2,4,(Y),(N),NA,NA
Muhhammed Wahid,Surya Sen Mahabiyala,Commerce,Siliguri,50k-100k,Retail,Others,(N),NA,Salary,Marketing and Advertising,NA,Overwork,Overseas Placement,1200000,(M),MS Office,NA,(Y),Siliguri,1-3 hrs,Offline Modes,NA,3,1,(N),(Y),Retail Store,NA
Chandra Sekhar Sarkar,Siliguri College of Commerce,Commerce,Siliguri,50k-100k,Marketing,Sales Associate,(N),Sales,Working Conditions (Manangement & Infrastructure),Management,(Y),Overwork,Growth Opportunities,900000,(M),Business Communication Skills,NA,(Y),Siliguri ,1-3 hrs,Offline Modes,NA,0,3,(N),(N),Financial Technology,required more fast response
Karan Pardeshi,Modern College of arts science and commerce,Science,Pune,>200k,Marketing,Sales Associate,(Y),Technology,Job Role,Agriculture,(Y),Lack of opportunity to grow,Overseas Placement,2500000,(N),Data Science and Artificial Intelligence,NA,(N),Siliguri,1-3 hrs,Offline Modes,NA,4,3,(N),(Y),E-Commerce,NA
Amar Shishodia,JIIT Noida,Commerce,Bangalore,>200k,Information Technology,Software Engineer,(Y),Technology,Job Role,Finance,(Y),Lack of recognition,High Pay,1000000,(M),Data Science and Artificial Intelligence,Flexible Timings,(N),Bangalore,3-6 hrs,Online Web Search,LinkedIn,1,1,(N),(Y),Artificial Intelligence,NA
Dinesh Maggoo,Symbiosis college of arts and commerce,Commerce,Rohtak,150k-200k,Media,Social Media Manager,(Y),Finance,Job Role,Finance,(Y),Low Pay,High Pay,500000,(Y),MS Office,"High pay , work environment , climate",(N),Pune,6-9 hrs,Online Web Search,LinkedIn,4,3,(Y),(Y),Media,NA
Vinayak Kamal Ghose,Symbiosis School of Economics,Science,Kolkata,50k-100k,Marketing,Administrative Associate,(Y),Marketing,Salary,Management,(Y),Overwork,Growth Opportunities,600000,(Y),Data Science and Artificial Intelligence,Travel and Food,(N),Pune,1-3 hrs,Online Web Search,LinkedIn,2,4,(Y),(N),NA,NA
Satyam Saraswat,SRMIST,Technology,Noida,150k-200k,Marketing,Operations Manager,(Y),Data Science,Opportunity to work on new projects,Marketing and Advertising,(Y),Lack of opportunity to grow,Growth Opportunities,750000,(Y),Data Science and Artificial Intelligence,NA,(N),Gurugram,3-6 hrs,Online Web Search,NA,1,1,(Y),(Y),Artificial Intelligence,NA
Mehul Gupta,Symbiosis School of Economics,Science,Delhi,>200k,Information Technology,Data Analyst,(Y),Sales,Job Role,Finance,NA,Lack of opportunity to grow,Growth Opportunities,700000,(Y),Data Science and Artificial Intelligence,Experience,(N),Pune,1-3 hrs,Online Web Search,"LinkedIn, Naurkri.com",3,3,(Y),(Y),Financial Technology,NA
Nikita Ramesh,Symbiosis School of Economics,Science,Pune,>200k,Research & Development,Research Associate,(Y),NGO/Social Work,Job Role,Management,NA,Lack of opportunity to grow,High Pay,1400000,(Y),Data Science and Artificial Intelligence,Reimbursement of travel expenses,(N),Bangalore,1-3 hrs,Online Web Search,"LinkedIn, company websites",3,2,(Y),(N),NA,NA
Rakesh Kumar Siddharth,Kirori Mal college,Science,Delhi,100k-150k,Information Technology,Research Associate,(Y),Technology,Job Role,Management,(Y),Lack of opportunity to grow,High Pay,3000000,(M),AutoCAD/Angular/SAP,Shift and Traveling Allowance,(N),Pune,3-6 hrs,Online Web Search,"LinkedIn, Personal References",5,4,(N),(Y),E-Commerce,NA
Dhamm Kumar,CLC,Arts,Gorakhpur,10k-50k,Information Technology,Data Analyst,NA,NA,Job Role,Medical Science,(Y),Low Pay,Growth Opportunities,1000000,(M),Stock Market trading skills,NA,(N),Dehradun,1-3 hrs,Online Web Search,Online portals,3,2,(N),(Y),Health Care,NA
Samyuktha Thankachy,Symbiosis School of Economics,Commerce,Pune,>200k,Marketing,Administrative Associate,(Y),Finance,Job Role,Management,(Y),Low Pay,High Pay,600000,(Y),Data Science and Artificial Intelligence,"Healthcare, other compensations",(N),Bangalore,1-3 hrs,Online Web Search,NA,4,1,(Y),(Y),Health Care,NA
Harsh Kumar Singh,Symbiosis college of arts and commerce,Commerce,Pune,>200k,Marketing,Administrative Associate,(Y),Finance,Salary,Management,NA,Low Pay,High Pay,750000,(Y),Data Science and Artificial Intelligence,NA,(N),Delhi,3-6 hrs,Online Web Search,NA,4,4,(N),(N),NA,NA
Shanish Thakur,Kirori Mal college,Science,Durgapur,100k-150k,Information Technology,Research Associate,(Y),Data Science,Working Conditions (Manangement & Infrastructure),Administration,(Y),Lack of opportunity to grow,Growth Opportunities,1200000,(Y),Data Science and Artificial Intelligence,NA,(Y),Kolkata,<1 hr,Online Web Search,"Naukri, Indeed",3,4,(Y),(Y),Artificial Intelligence,NA
Ravi Kumar Sharma,P. T U. Jalandhar,Technology,Gurugram,150k-200k,Information Technology,Research Associate,(Y),Artificial Intelligence,Working Conditions (Manangement & Infrastructure),Finance,(Y),Low Pay,Growth Opportunities,1000000,(Y),Data Science and Artificial Intelligence,NA,(Y),Gurugram,1-3 hrs,Online Web Search,Naukri,4,4,(Y),(Y),Artificial Intelligence,NA
Sameer Suneja,MDU,Commerce,Delhi,150k-200k,Information Technology,Data Analyst,(Y),Technology,Salary,Medical Science,(Y),Low Pay,High Pay,800000,(Y),Data Science and Artificial Intelligence,Salary and company culture,(Y),Delhi,1-3 hrs,Online Web Search,Naukri,4,3,(Y),(Y),Financial Technology,NA
Nirav Chavda,JIIT Noida,Commerce,Noida,150k-200k,Marketing,Sales Associate,(Y),Marketing,Salary,Designing,(Y),Lack of opportunity to grow,Growth Opportunities,3500000,(M),NA,Concessional loans,(Y),Noida,<1 hr,Online Web Search,"Online, references",1,3,(Y),(Y),Design,NA
Alok Kumar,VNIT,Science,Nagpur,150k-200k,Manufacturing,Administrative Associate,(Y),Human Resource,Salary,Administration,(Y),Low Pay,Growth Opportunities,2400000,(Y),Data Science and Artificial Intelligence,HQ posting,(N),Delhi,1-3 hrs,Online Web Search,NA,2,4,(Y),(Y),Educational Technology,NA
Rudr Raaj Pasricha,Maharaja agrasen College,Commerce,Noida,>200k,Marketing,Administrative Associate,(Y),Web and Android Application Development,Job Role,Marketing and Advertising,(Y),Low Pay,High Pay,400000,(Y),"Python, Java or other Programming Skills",NA,(Y),Noida,<1 hr,Offline Modes,NA,4,3,(Y),(Y),Financial Technology,NA
Vikash Kumar Das,SMU,Science,Patna,50k-100k,Marketing,Administrative Associate,(Y),Sales,Company Culture,Management,(N),Low Pay,High Pay,800000,(M),MS Office,NA,(N),Ahemdabad,<1 hr,Online Web Search,Naukri,2,1,(N),(Y),Artificial Intelligence,NA
Gautam Kaul,Symbiosis School of Economics,Science,Noida,>200k,Media,Social Media Manager,(Y),Finance,Job Role,Administration,(Y),Lack of opportunity to grow,High Pay,750000,(Y),MS Office,Good pay,(Y),Noida,1-3 hrs,Online Web Search,Naukri,4,4,(N),(N),NA,NA
Nehul Shashikant,SPPU,Science,Pune,100k-150k,Education,Tutor,(Y),Education,Job Role,Agriculture,(Y),Lack of opportunity to grow,Growth Opportunities,1200000,(Y),Data Science and Artificial Intelligence,Satisfactory workload and salary,(Y),Pune,<1 hr,Offline Modes,NA,0,0,(N),(Y),Educational Technology,NA
Amrit Seth,Amity University Noida,Technology,Ghaziabad,100k-150k,Marketing,Sales Associate,(Y),Technology,Salary,Marketing and Advertising,(N),Lack of opportunity to grow,High Pay,1200000,(Y),Data Science and Artificial Intelligence,Health insurance,(N),Delhi,3-6 hrs,Offline Modes,NA,2,2,(N),(Y),Automotive,NA
Pranit Sharma,SRM,Technology,Noida,>200k,Marketing,Sales Associate,(Y),Technology,Job Role,Administration,(Y),Low Pay,High Pay,1200000,(Y),Digital Marketing,NA,(N),Delhi,1-3 hrs,Online Web Search,"LinedkIn, Campus Placements",4,4,(Y),(Y),E-Commerce,NA
JIgnesh Shukla,Amity University Noida,Technology,Noida,150k-200k,Marketing,Administrative Associate,(N),NA,Company Culture,Agriculture,NA,Low Pay,High Pay,1000000,(M),Data Science and Artificial Intelligence,NA,(N),Delhi,3-6 hrs,Online Web Search,"Naukri, Indeed",3,5,(Y),(N),NA,NA
